name,game
Mr. Brightside,Beat Saber
Believer,Beat Saber
Moonlight,Arcaea
Jawsome,Beat Saber
The Box,Beat Saber
Perfect,Beat Saber
Señorita,Beat Saber
Thunder,Beat Saber
lovely (with Khalid),Deemo
Levitating (feat. DaBaby),Beat Saber
Blinding Lights,Beat Saber
I Took A Pill In Ibiza - Seeb Remix,Beat Saber
Photograph,Deemo II
Don't Let Me Down,ADOFAI
Nostalgia,Cytus
Too Good At Goodbyes,Deemo II
Havana (feat. Young Thug),Cytus II
I Like Me Better,Deemo II
Stitches,Beat Saber
One Dance,Beat Saber
Beauty In The Madness,Beat Saber
Circles,Cytus II
Roses - Imanbek Remix,Beat Saber
The Hills,Beat Saber
Cheap Thrills,Cytus II
Lucid Dreams,Beat Saber
Happier,Beat Saber
Take Me To Church,Beat Saber
New Rules,Cytus II
bad guy,Deemo II
Youngblood,Beat Saber
Demons,Beat Saber
Shallow,Beat Saber
Stay With Me,Beat Saber
SICKO MODE,Beat Saber
Dance Monkey,Cytus II
Stare In The Abyss,Cytus
Uptown Funk (feat. Bruno Mars),Cytus II
Thinking out Loud,Beat Saber
Faith In Me,Beat Saber
Buried Alive,Cytus
Unforgettable,Cytus II
Can't Hold Us (feat. Ray Dalton),Beat Saber
Stressed Out,Beat Saber
"thank u, next",Beat Saber
SAD!,ADOFAI
Treat You Better,Beat Saber
Love Yourself,Deemo II
I Don't Care (with Justin Bieber),Beat Saber
Sunflower - Spider-Man: Into the Spider-Verse,Beat Saber
Don't Start Now,Beat Saber
All of Me,Beat Saber
I Can't Help But Feel,Beat Saber
when the party's over,Deemo II
See You Again (feat. Charlie Puth),Deemo II
Memories,Beat Saber
Mood (feat. iann dior),Beat Saber
"Be U (216 Hz) (feat. iann dior) - Inspired by ""Maejor Frequency""",Cytus II
Let Me Love You,Cytus II
Bohemian Rhapsody - Remastered 2011,Deemo II
Lean On (feat. MØ & DJ Snake),Beat Saber
good 4 u,Beat Saber
I Like It,Beat Saber
Starboy,ADOFAI
Despacito - Remix,Beat Saber
Counting Stars,Beat Saber
STAY (with Justin Bieber),Beat Saber
Dynamite,Beat Saber
Say You Won't Let Go,Deemo II
drivers license,Deemo II
MONTERO (Call Me By Your Name),Beat Saber
Sorry,Beat Saber
Heat Waves,Cytus II
Wake Me Up - Radio Edit,Cytus II
goosebumps,Beat Saber
Heathens,Deemo
10 Things I Hate About You,Beat Saber
7 rings,Deemo II
Something Just Like This,Cytus II
God's Plan,Cytus
Watermelon Sugar,Beat Saber
Without Me (with Juice WRLD),Beat Saber
I Fall Apart,Beat Saber
Closer,Beat Saber
Congratulations,Beat Saber
Let Her Go,Deemo II
Better Now,Beat Saber
Girls Like You (feat. Cardi B) - Cardi B Version,Beat Saber
Faded,Beat Saber
XO Tour Llif3,Beat Saber
7 Years,Beat Saber
Jocelyn Flores,Cytus
Someone You Loved,Beat Saber
Shape of You,Beat Saber
HUMBLE.,Beat Saber
rockstar,Cytus II
MONSTERS!,Beat Saber
Wonderwall - Remastered,Beat Saber
Riptide,Beat Saber
ROCKSTAR (feat. Roddy Ricch),Deemo II
One Right Now (with The Weeknd),Beat Saber
Never Say Never (with Lainey Wilson),Beat Saber
No Love (with SZA),Beat Saber
THATS WHAT I WANT,Beat Saber
Easy On Me,Deemo
Bones,Beat Saber
she's all i wanna be,Cytus II
You Right,Beat Saber
P power (feat. Drake),Beat Saber
Tom's Diner,Deemo II
Rumors (feat. Lil Durk),Beat Saber
Bam Bam (feat. Ed Sheeran),Beat Saber
Drunk (And I Don't Wanna Go Home),Beat Saber
When You're Gone,Beat Saber
Sand In My Boots,Beat Saber
HANDSOMER (Remix) (Feat. Ktlyn),Beat Saber
Get Into It (Yuh),Arcaea
Heart On Fire,Cytus II
Circles Around This Town,Beat Saber
'Til You Can't,Beat Saber
The Motto,Beat Saber
Beers On Me,Beat Saber
Light Switch,ADOFAI
Stick (with JID & J. Cole feat. Kenny Mason & Sheck Wes),Beat Saber
Over,Beat Saber
Slow Down Summer,Beat Saber
In My Head,Beat Saber
Thinking with My Dick (feat. Juicy J),ADOFAI
Do We Have A Problem?,Deemo II
Me or Sum (feat. Future & Lil Baby),Beat Saber
Enemy (with JID) - from the series Arcane League of Legends,Beat Saber
MAMIII,Beat Saber
COMPLETE MESS,Cytus II
INDUSTRY BABY (feat. Jack Harlow),Cytus
By Your Side,Cytus
Take My Name,Beat Saber
GIVE HEAVEN SOME HELL,Beat Saber
Flower Shops (feat. Morgan Wallen),Beat Saber
"Blood All On it (feat. Key Glock, Young Dolph)",Beat Saber
love nwantiti (ah ah ah),Arcaea
Save Your Tears (with Ariana Grande) (Remix),Beat Saber
Levitating,Beat Saber
Wasted On You,Beat Saber
Broadway Girls (feat. Morgan Wallen),Beat Saber
Envolver,Beat Saber
I Hate YoungBoy,Beat Saber
pushin P (feat. Young Thug),Arcaea
AHHH HA,Cytus
Numb Little Bug,Beat Saber
Peru,Deemo II
Never Wanted To Be That Girl,Beat Saber
Heat Waves,Cytus II
Need to Know,Beat Saber
Freaky Deaky,Beat Saber
What Else Can I Do?,Beat Saber
Hrs and Hrs,Beat Saber
Fancy Like,Beat Saber
We Go Up (feat. Fivio Foreign),Beat Saber
4KT Baby,Beat Saber
Super Gremlin,Beat Saber
The Family Madrigal,Beat Saber
abcdefu,Beat Saber
Doin' This,Cytus II
City of Gods,Beat Saber
Damn Strait,Cytus II
As It Was,Beat Saber
Trouble With A Heartbreak,Beat Saber
23,Beat Saber
I Love You So,Beat Saber
make up sex (feat. blackbear),Beat Saber
We Don't Talk About Bruno,Deemo II
Boyfriend,Beat Saber
I Hate U,Deemo II
Come Back As A Country Boy,Cytus II
STAY (with Justin Bieber),Beat Saber
Dos Oruguitas,Deemo II
Fingers Crossed,Beat Saber
TO THE MOON,Cytus
To Be Loved By You,Beat Saber
Nail Tech,Cytus
Buy Dirt,Beat Saber
Pressure,Beat Saber
If I Was a Cowboy,Beat Saber
Soy El Unico,Beat Saber
Ghost,Arcaea
good 4 u,Beat Saber
Bad Habits,Cytus II
Woman,Beat Saber
Petty Too (feat. Future),Cytus
She Likes It (feat. Jake Scott),Deemo II
"Nobody Like U - From ""Turning Red""",Beat Saber
Desesperados,Cytus II
Cold Heart - PNAU Remix,Cytus II
Big Energy,Beat Saber
What Happened To Virgil (feat. Gunna),Cytus
Shivers,Beat Saber
Surface Pressure,Cytus
AA,Beat Saber
Monëy so big,Cytus
Banking On Me,Deemo II
Sweetest Pie,Beat Saber
